cod_municipio,municipio,latitud,longitud,altitud,sanidad,educacion,transporte_conectividad,economia_empleo,bienestar,ocio_cultura,Descripcion
14,Acebeda (La),41.08697,-3.624634,1266.542,0.028502153833321116,0.24613143671205728,0.1918642974006123,0.19184616937615578,0.2584888511652915,0.31713390432583727,Descripción no disponible.
29,Ajalvir,40.53437,-3.481002,680.1722,0.7987467904936947,0.8509343064711204,0.8855007806911006,0.252383083951247,0.9719669332852469,0.5080774033787818,"Ajalvir es un municipio español ubicado al este de la Comunidad de Madrid, a 26 km de Madrid capital y a 12 km de Alcalá de Henares. Tiene una población de 4721 habitantes (INE 2020) y una extensión de 19,62 km²."
35,Alameda del Valle,40.9179,-3.843788,1109.934,0.4282108809335991,0.3193854292601106,0.1755993368726877,0.19174070905111373,0.2584888511652915,0.5581055650954562,"Alameda del Valle es un municipio y localidad española de la Comunidad de Madrid, en la comarca de la Sierra Norte. El término municipal tiene una población de 255 habitantes (INE 2024)."
40,Álamo (El),40.22972,-3.992688,606.2238,0.7313362044513642,0.8507772368670417,0.6662147688810445,0.28412824095150424,0.9292504896733189,0.5374941909126191,Descripción no disponible.
88,Aldea del Fresno,40.32399,-4.202217,476.7994,0.4523156371247933,0.5033470703789685,0.4644779317699432,0.20500456238086792,0.3844119266557879,0.5517112448303365,"Aldea del Fresno es un municipio y localidad española del suroeste de la Comunidad de Madrid. El término municipal, por el que discurren los ríos Alberche y Perales, cuenta con una población de 3422 habitantes (INE 2024)."
91,Algete,40.59642,-3.497902,712.8972,0.7691362470690698,0.8827708809151955,0.8627114301838966,0.4954907478449201,0.9877016297023468,0.6143768686091685,"Algete es un municipio y localidad española de la Comunidad de Madrid, situado a 30 km al noreste de la capital."
105,Alpedrete,40.65875,-4.023713,916.7029,0.8776208992891588,0.8538590614750999,0.6471772824691397,0.37185825685446855,0.9726457422382117,0.5100717139056095,Alpedrete es un municipio y localidad española de la Comunidad de Madrid. El término municipal tiene una población de 15 543 habitantes (INE 2024). En el pasado tuvo importancia económica la extracción de granito de sus canteras.
112,Ambite,40.3292,-3.181895,667.338,0.5153063485013343,0.5930770422937272,0.47293128811093826,0.17686436347901785,0.2960171207556482,0.5065232206917502,"Ambite es un municipio y localidad española del sureste de la Comunidad de Madrid, contiguo con la provincia de Guadalajara. Pertenece a la comarca natural castellana de La Alcarria, también forma parte de la madrileña comarca de Las Vegas; históricamente ha formado parte de las Tierras de Alcalá, tradicional área de Alcalá de Henares. El pueblo se levanta a orillas del río Tajuña, aprovechando las paredes del valle, lo que le dota de un paisaje singular.​ La población del término municipal es de 697 habitantes (INE 2024)."
127,Anchuelo,40.46549,-3.268585,761.7067,0.6727215035771494,0.76302098781667,0.6565601113762332,0.19506468855803966,0.9726930692820956,0.5577408608132525,Anchuelo es un municipio y localidad española de la Comunidad de Madrid. El término municipal tiene una población de 1392 habitantes (INE 2024).
151,Arroyomolinos,40.26884,-3.920291,597.4142,0.8959128864701635,0.8636438577722173,0.8857919631020617,0.621116883254728,0.9477856421167596,0.5868825990976339,"Arroyomolinos es un municipio de España situado al suroeste de la Comunidad de Madrid. A fecha de 1 de enero de 2022 su población era de 34 833 habitantes;​ en los últimos años el municipio ha evolucionado de una configuración rural a la típica de una ciudad dormitorio, pues ha experimentado un crecimiento demográfico importante. Su término se encuentra parcialmente incluido en el parque regional del curso medio del río Guadarrama y su entorno."
164,Atazar (El),40.93333,-3.466667,900.2352,0.0,0.10783980700141649,0.2213036654343667,0.177569055718859,0.0,0.22662447379998202,Descripción no disponible.
170,Batres,40.21029,-3.922307,603.6849,0.762388004209908,0.82332476909231,0.8579419250838005,0.1986477208524227,0.970914750147523,0.6946793831149997,"Batres es un municipio y localidad española del sur de la Comunidad de Madrid, a unos 44 kilómetros de la capital. El término municipal, que cuenta con una población de 1943 habitantes (INE 2024), es atravesado en dirección norte-sur por el río Guadarrama. El edificio más destacado de Batres sería la casa-fuerte o castillo de Batres, construido entre los siglos XV y XVI. Unas tres cuartas partes del término municipal se encuentran incluidas dentro del parque regional del Curso Medio del Río Guadarrama y su Entorno."
186,Becerril de la Sierra,40.71638,-3.989412,1086.586,0.7730616253697074,0.8398019927334152,0.6438624978931532,0.25426220512170283,0.9693652830348555,0.5656659454843689,Becerril de la Sierra es un municipio y localidad española de la Comunidad de Madrid.
199,Belmonte de Tajo,40.13364,-3.339654,732.0183,0.6232090188772486,0.8351806675435054,0.4543340195114232,0.1969704316821932,0.7166976540698045,0.5445733217480359,"Belmonte de Tajo es un municipio y localidad española del sureste de la Comunidad de Madrid. El término municipal, ubicado en la comarca de Las Vegas y en la Alcarria de Chinchón, tiene una población de 1917 habitantes (INE 2024)."
210,Berrueco (El),40.88814,-3.561255,937.1234,0.376990444282315,0.395430248709449,0.45087591939236643,0.18260610145460243,0.47476200563912063,0.6037392669060793,Descripción no disponible.
203,Berzosa del Lozoya,40.97594,-3.525082,1079.826,0.028502153833321116,0.10783980700141649,0.22857286015182196,0.19277959339243464,0.0,0.3038361476762995,Berzosa de Lozoya es un municipio y localidad española del norte de la Comunidad de Madrid. El término cuenta con una población de 231 habitantes (INE 2024).
231,Boalo (El),40.71746,-3.920084,953.0439,0.592766760416098,0.8504859771931268,0.43936218281552614,0.28406672061459093,0.9709604606598432,0.6383626544355895,Descripción no disponible.
246,Braojos,41.04005,-3.643112,1189.477,0.33221914490420046,0.4617903994737654,0.2158356178334168,0.20129852744516988,0.2584888511652915,0.5030016890396721,"Braojos es un municipio de España perteneciente a la Comunidad de Madrid. Está incluido en el área de influencia del puerto de Somosierra, paso tradicional del llamado ""Camino de Francia"", y en su término está también el puerto de Arcones. En 2024 contaba con una población de 200 habitantes."
259,Brea de Tajo,40.23012,-3.109499,722.8417,0.45191118457330104,0.35949461458679016,0.4525265242760839,0.17812056413245794,0.26224557368679036,0.32633679066917154,"Brea de Tajo es un municipio y localidad española de la Comunidad de Madrid. El término municipal, situado en la comarca de Las Vegas y en la Alcarria de Chinchón, tiene una población de 579 habitantes (INE 2024)."
262,Brunete,40.40554,-3.997736,654.7903,0.7980677820672701,0.83926372318435,0.8700378366657825,0.33619387806727963,0.9713431790995317,0.6178389859261886,Brunete es un municipio y localidad española de la Comunidad de Madrid. El término municipal tiene una población de 11 300 habitantes (INE 2024).
278,Buitrago del Lozoya,40.99368,-3.636723,977.8387,0.3896160072262368,0.4159677857514638,0.2447634160163637,0.2080109736558662,0.2584888511652915,0.9103805887025942,"Buitrago del Lozoya es un municipio y localidad española del norte de la Comunidad de Madrid, situada a los pies de la sierra de Guadarrama. El municipio, que cuenta con una población de 1973 habitantes (INE 2024), recibe su nombre del río Lozoya, que circunda la localidad. Destaca por la conservación de su antiguo recinto amurallado y su casco urbano está declarado bien de interés cultural."
284,Bustarviejo,40.85811,-3.70969,1217.359,0.4895328397428105,0.5599236179534306,0.4208959337934212,0.20750593508270518,0.41093200790625367,0.6348497021493389,"Bustarviejo es un municipio y villa española de la Comunidad de Madrid. Bustarviejo se asienta en las faldas de la sierra de Guadarrama, en su vertiente meridional. Junto a las montañas, y con un valle frondoso, dista unos 60 km de Madrid.
En otros tiempos villa rica y de gran importancia en la zona, fue perdiendo poder y prácticamente fue olvidado por los capitalinos, hasta que fue redescubierto como lugar de veraneo. Precisamente, ese ""olvido"" fue el que le hizo conservar el carácter de pueblo serrano. Sin embargo, en las últimas décadas del siglo XX, al igual que en gran parte de la Sierra, se vivió un auge en la construcción de chalés y pisos, esencialmente como segunda residencia."
297,Cabanillas de la Sierra,40.81968,-3.626066,921.8676,0.5453044987490689,0.5971824960632006,0.4413172010884041,0.19598007447299648,0.6729487277567958,0.5167871757369599,"Cabanillas de la Sierra es un municipio y localidad española de la Comunidad de Madrid. El término municipal, con una población de 941 habitantes (INE 2024), se extiende sobre un terreno poco accidentado, a una altitud de entre 900 y 1000 m sobre el nivel del mar, siendo una pequeña estribación rocosa de la Cuerda Larga, apéndice montañoso de la sierra de Guadarrama."
301,Cabrera (La),40.86399,-3.615572,1040.395,0.5486109790938232,0.5120881241254078,0.45697084303866903,0.20979675054762423,0.5508602309434922,0.6022849096828505,Descripción no disponible.
318,Cadalso de los Vidrios,40.30094,-4.443737,799.9886,0.29617502323181344,0.4346398396993462,0.1709819096537616,0.198304352582896,0.0874151912289301,0.8488034873493648,"Cadalso de los Vidrios es un municipio y localidad española de la Comunidad de Madrid. El término municipal, ubicado en el límite con las provincias de Toledo y Ávila, tiene una población de 3228 habitantes (INE 2024)."
323,Camarma de Esteruelas,40.54861,-3.377597,639.19,0.881539094264177,0.8512746013956531,0.8277166049379248,0.26958391489879013,0.9605393475631311,0.5678767216220009,Camarma de Esteruelas es un municipio y localidad española de la Comunidad de Madrid. El término municipal tiene una población de 8106 habitantes (INE 2024).
339,Campo Real,40.33815,-3.380982,765.6791,0.9138920223990432,0.7623872785405871,0.8401840164835752,0.2710640151363521,0.9649010394172389,0.6158724081617395,"Campo Real es un municipio español de la provincia y Comunidad de Madrid. Cuenta con 6651 habitantes (INE 2022). Tiene una extensión de 61,8 km² y una densidad de población de 100,57 hab./km². Se encuentra a unos 35 km de la capital. El municipio es famoso por su queso de oveja, su aceite de oliva y sus aceitunas. También se puede visitar el museo de alfarería donde se muestran piezas de la antigüedad. El pueblo rodea un pequeño cerro en cuya cumbre se encuentra la iglesia de Santa María del Castillo, edificio de estilo renacentista-herreriano, con una parte gótica salvada de un incendio sufrido en el siglo XV. También tiene tres pequeñas ermitas, entre las que destaca la del Santísimo Cristo de la Peña que es patrón de la localidad."
344,Canencia,40.90981,-3.737718,1142.31,0.45312817499864977,0.35532858972039527,0.211159337083492,0.18383219329426947,0.2584888511652915,0.5473001452650282,"Canencia es un municipio y localidad española del norte de la Comunidad de Madrid, en la vertiente sur de la sierra de Guadarrama. Cuenta con una población de 469 habitantes (INE 2024)."
357,Carabaña,40.25669,-3.234641,612.9524,0.511380354645935,0.43287867669490077,0.47954083096223316,0.19997382563840913,0.2584888511652915,0.44626690124023427,"Carabaña es un municipio y localidad española de la Comunidad de Madrid, situado en la Comarca de Las Vegas. El término municipal, situado a 50 kilómetros de Madrid y a orillas del río Tajuña, tiene una población de 2352 habitantes (INE 2024). Carabaña es conocida por su famoso aceite de oliva virgen extra y por sus famosas aguas purgantes, cuyo manantial se encuentra en el cerro de Cabeza Gorda."
360,Casarrubuelos,40.17114,-3.833068,624.7643,0.9182643738586018,0.8095199020617907,0.8153610362979424,0.23054243523872905,0.9857790850853929,0.5319130134834156,"Casarrubuelos es un municipio español de la provincia y Comunidad de Madrid, el más pequeño en extensión de la comunidad autónoma. Cuenta con una población de 4211 habitantes (INE 2024). Limita al norte con Cubas de la Sagra, al sur con Ugena e Illescas en la provincia de Toledo. El núcleo de población está comunicado con la carretera de Toledo por la salida 30. Se encuentra a 29,8 km de Madrid."
376,Cenicientos,40.26463,-4.464909,778.7822,0.2877322624318849,0.3970935693247586,0.11458272945664025,0.1802662201576717,0.0874151912289301,0.6277158262537259,"Cenicientos es un municipio y localidad española de la Comunidad de Madrid, con una población de 2148 habitantes (INE 2024). Limítrofe con las provincias de Toledo y Ávila, se trata del municipio más occidental de la comunidad autónoma."
382,Cercedilla,40.74145,-4.054667,1191.372,0.6794388246980572,0.8536991615229601,0.4507833671659391,0.2672413435381166,0.8766533442513706,0.5623397550165342,"Cercedilla es un municipio y localidad española del noroeste de la Comunidad de Madrid. El término municipal, ubicado en la sierra de Guadarrama, cuenta con una población de 7647 habitantes (INE 2024).​"
395,Cervera de Buitrago,40.92196,-3.53016,916.3304,0.05700430766664223,0.14386575717558536,0.23155524558495513,0.1702111725948357,0.2960171207556482,0.5456357592418029,"Cervera de Buitrago es un municipio y una localidad española de la Comunidad de Madrid. Ubicado en la comarca de la Sierra Norte, cuenta con una población de 161 habitantes (INE 2024).  Formó parte del señorío de Buitrago hasta la abolición del régimen señorial a principios del siglo XIX, pasando a depender administrativamente del Cuarto de la Jara, junto a Robledillo, Berzosa, Paredes y Serrada."
513,Chapinería,40.37918,-4.20943,679.6159,0.4866306134779339,0.6174157477075608,0.4560958677370774,0.20190260219144376,0.5345206642788976,0.5552727395945302,"Chapinería es un municipio y localidad española de la Comunidad de Madrid, perteneciente a la comarca de la Sierra Oeste de Madrid. Cuenta con una población de 2642 habitantes (INE 2024). El granito berroqueño presente en este municipio se encuentra incluso en el núcleo urbano, lo que le da su típico carácter serrano con algunas calles que tienen el pavimento de roca en su estado natural. Chapinería se encuentra a 50 kilómetros del centro de Madrid, unos 40 minutos en automóvil por la autovía M-501."
528,Chinchón,40.14019,-3.415684,777.1609,0.5227052547443024,0.6044717410129425,0.6702702930039337,0.23644259892020994,0.5968429866308806,0.7794234666694376,"Chinchón es un municipio y localidad española del sureste de la Comunidad de Madrid. El término municipal cuenta con una población de 5818 habitantes (INE 2024). El casco histórico de la localidad, con una notable plaza mayor, tiene el estatus bien de interés cultural en la categoría de conjunto histórico."
409,Ciempozuelos,40.15934,-3.6184,580.2641,0.874498464825169,0.8141623715825962,0.8120611739753008,0.4563167557569665,0.974626670366298,0.5860721917698294,"Ciempozuelos es un municipio y localidad española del sur de la Comunidad de Madrid. El término municipal, ubicado en la comarca de las Vegas, tiene una población de 26 140 habitantes (INE 2024). La altitud media es de 568 m."
416,Cobeña,40.56733,-3.504839,677.4468,0.6764436251150288,0.862076745909075,0.8646131980863684,0.2927179260669305,0.9825833378840769,0.5971672933395133,"Cobeña es un municipio y localidad española de la Comunidad de Madrid, perteneciente a la unidad paisajística de La Campiña, situada al lado de Ajalvir. Cuenta con una población de 7759 habitantes (INE 2024)."
468,Collado Mediano,40.69389,-4.023123,1029.724,0.872222390971569,0.8392089807909314,0.6507159277638574,0.2627884526518034,0.9677822939414408,0.6508352321839884,"Collado Mediano es un municipio y localidad española de la Comunidad de Madrid. El término, situado al noroeste de la provincia, en la sierra de Guadarrama, cuenta con una población de 7547 habitantes (INE 2024)."
437,Colmenar de Oreja,40.10758,-3.387693,756.9265,0.5258893210796594,0.6031094739026663,0.4712909542756775,0.29242237087783207,0.5968429866308806,0.7004774039690637,"Colmenar de Oreja es un municipio y localidad española del sureste de la Comunidad de Madrid. Ubicado en la llamada comarca de Las Vegas, cuenta con una población de  8888 habitantes (INE 2024). Su casco urbano está declarado bien de interés cultural."
421,Colmenar del Arroyo,40.41858,-4.198538,679.1825,0.46749861110935864,0.5427898398911873,0.43796824552265873,0.19249537758546467,0.46165485458627104,0.6441484896388256,Colmenar del Arroyo es un municipio y localidad española de la Comunidad de Madrid. Cuenta con una población de 2015 habitantes (INE 2024).
442,Colmenarejo,40.56101,-4.016842,875.1868,0.889168160764253,0.8466218056621936,0.83781089333594,0.29558481946412624,0.978039251969209,0.5412526263531517,"Colmenarejo es un municipio y localidad española de la Comunidad de Madrid, situado en el noroeste de la región, en las estribaciones de la sierra de Guadarrama, a 899 metros de altitud y a 37 kilómetros de distancia de la capital. Limita al norte con El Escorial, al este con Galapagar, al sur con Villanueva del Pardillo y al oeste con Valdemorillo. Su único acceso por carretera es la M 510, desde Galapagar o desde Valdemorillo. Cuenta en su término municipal con la orilla este del embalse de Valmayor, segundo en capacidad de la Comunidad de Madrid, con el tercer Campus de la Universidad Carlos III de Madrid y con un atractivo entorno natural, dentro del parque regional del Curso medio del río Guadarrama y su entorno, en el que destacan los encinares y las dehesas de uso ganadero salpicadas de enebros, fresnos y quejigos."
480,Corpa,40.42489,-3.262723,819.1653,0.5546659284438177,0.4263885703462585,0.6649333666346234,0.1809250797457987,0.5111092604716895,0.5389630803343062,"Corpa es un municipio español de la Comunidad de Madrid, situado en la subcomarca natural de la Alcarria de Alcalá. Cuenta con 697 habitantes (INE 2018) y un término municipal de 25,91 km². Dista 14 km de Alcalá de Henares y 43 km de Madrid."
506,Cubas de la Sagra,40.1917,-3.837347,648.7275,0.9172648186185592,0.8180532081777996,0.8005393917393497,0.2756065531846011,0.955525610965814,0.5990920767450089,"Cubas de la Sagra es un municipio y localidad española de la Comunidad de Madrid. El término municipal, ubicado en la comarca de la Sagra, tiene una población de 6988 habitantes (INE 2024)."
534,Daganzo de Arriba,40.54481,-3.457924,665.5711,0.822864877223849,0.859721762161699,0.8770930280921505,0.3318444403884818,0.9913939661155967,0.53610624008853,Daganzo de Arriba es un municipio y localidad española en el este de la Comunidad de Madrid. Cuenta con una población de 10 703 habitantes (INE 2024).
549,Escorial (El),40.58508,-4.12952,915.7729,0.7347861496646966,0.8072971935804899,0.6382788691841358,0.36734008847430244,0.9839930842426231,0.6086871814883084,Descripción no disponible.
552,Estremera,40.18403,-3.106115,643.0197,0.44636399354258927,0.32467287843275494,0.23828819582363153,0.18958675971773453,0.26224557368679036,0.3225262596076661,"Estremera es un municipio y localidad española de la Comunidad de Madrid. El término municipal, ubicado en las comarcas de Las Vegas y La Alcarria, tiene una población de 1467 habitantes (INE 2024). Es conocido por albergar el Centro Penitenciario Madrid VII, la prisión más moderna de la provincia."
565,Fresnedillas de la Oliva,40.48651,-4.172033,895.7322,0.4900892778330507,0.6622968919767468,0.21211974841534115,0.18793488718540788,0.6092084165404005,0.576158864867403,Fresnedillas de la Oliva es un municipio y localidad española de la Comunidad de Madrid. Cuenta con una población de 1837 habitantes (INE 2024).
571,Fresno de Torote,40.59229,-3.41205,657.2809,0.5643137562652423,0.8382795677778888,0.6692971310116147,0.20561892182860728,0.7236862522037562,0.6101034255222664,"Fresno de Torote es un municipio y despoblado español de la Comunidad de Madrid, situado en la comarca natural de la Campiña del Henares. El término municipal cuenta con una población de 2548 habitantes (INE 2024) concentrada en la pedanía de Serracines y sus urbanizaciones."
590,Fuente el Saz de Jarama,40.63877,-3.51129,642.1251,0.7155061054495966,0.8594996489051575,0.8555611768100047,0.2773394204855823,0.9903251477465786,0.6954682724697464,Fuente el Saz de Jarama es un municipio y localidad de España perteneciente a la Comunidad de Madrid. El término municipal tiene una población de 7379 habitantes (INE 2024).
604,Fuentidueña de Tajo,40.11819,-3.159549,565.6978,0.36020128058997997,0.178523358259752,0.4458622311765869,0.1887362081279697,0.27601892948296664,0.35924504013374164,"Fuentidueña de Tajo es un municipio español situado en el extremo suroriental de la Comunidad de Madrid, en la linde con las provincias de Toledo y Cuenca. El término municipal, atravesado por el río Tajo y ubicado en las comarcas de Las Vegas y la Alcarria de Chinchón, tiene una población de 2328 habitantes (INE 2024)."
611,Galapagar,40.57736,-4.00357,884.4304,0.8782508528515556,0.8805384907980843,0.8470911461533381,0.6570443254199503,0.9706636986992679,0.6304003430625515,"Galapagar es un municipio del noroeste de la Comunidad de Madrid (España), a 33 kilómetros de la capital de España. Se extiende sobre una superficie de 65 km². Limita con Collado Villalba, Colmenarejo, Torrelodones, Las Rozas de Madrid, El Escorial, San Lorenzo de El Escorial, Villanueva del Pardillo, Hoyo de Manzanares, Moralzarzal y Guadarrama."
626,Garganta de los Montes,40.92143,-3.689205,1125.801,0.451428541089272,0.32349876976312464,0.23626671504611899,0.18889986533657643,0.29954768655429387,0.5536097020901283,"Garganta de los Montes es un municipio y localidad española de la Comunidad de Madrid. Perteneciente a la comarca de la Sierra Norte, el término municipal cuenta con una población de 416 habitantes (INE 2024). 
Los núcleos de Garganta y El Cuadrón forman el municipio, entre suaves colinas. El buen clima y los paisajes del entorno han propiciado la expansión urbana. Sin embargo, el núcleo de Garganta mantiene su carácter rural y se conservan construcciones tradicionales como potros de herrar, antiguos conjuntos agropecuarios, fraguas y pajares.​ 
El origen histórico hay que buscarlo en la Edad Media, hacia los siglos XIV y XV: la iglesia de San Pedro, en Garganta, es un templo del siglo XV reformado en el siglo XVII. La población de Garganta creció gracias a la explotación ganadera de la oveja merina y a sus cultivos de lino y cereales. En esa época se construyeron dos molinos harineros, uno en el arroyo Tejera y otro, más importante, en el río Lozoya.  
Una de las fechas más trágicas de Garganta fue la de 1599, cuando la conocida como “peste bubónica” provocó una gran mortalidad tanto en Garganta como en los pueblos de su entorno, de tal forma que algunos se vieron abocados a su desaparición. Vecinos huidos de Garganta fundaron entonces la cercana Gargantilla del Lozoya.
Garganta de los Montes perteneció a Guadalajara hasta 1833, año en que empezó a depender de Madrid."
632,Gargantilla del Lozoya y Pinilla de Buitrago,40.96463,-3.718601,1136.591,0.4823039687537416,0.40025747044231186,0.23310264393842772,0.1764283758779611,0.0,0.63463593809438,Gargantilla del Lozoya y Pinilla de Buitrago es un municipio español de la Comunidad de Madrid. Su término municipal cuenta con una población de 397 habitantes (INE 2024).
647,Gascones,41.01809,-3.641817,1046.484,0.08550646149996335,0.4258472390134807,0.2288213207388454,0.1788186548957503,0.2584888511652915,0.5133431370082906,"Gascones es un municipio español de la provincia y Comunidad de Madrid. Tiene una superficie de 20,04 km² con una población de  239 habitantes (INE 2024) y una densidad de 7,24 hab/km²."
663,Griñón,40.21424,-3.856192,676.9866,0.9138119570597201,0.8071419191792797,0.7720310286960637,0.33071359217904667,0.963920308514652,0.6001610256851524,Griñón es un municipio y localidad española de la Comunidad de Madrid. Su término municipal cuenta con una población de 10 718 habitantes (INE 2024). Sus cotas topográficas están comprendidas entre los 643 y 687 metros sobre el nivel del mar. Se encuentra al sur de Humanes de Madrid y Fuenlabrada.
679,Guadalix de la Sierra,40.78483,-3.692719,841.0,0.5998235789457624,0.7156015902487727,0.47153288287057404,0.2653469104510951,0.5848077667855749,0.559413434768554,"Guadalix de la Sierra es un municipio y localidad española de la Comunidad de Madrid, a 49 kilómetros de Madrid en la cuenca del río Jarama. El término municipal cuenta con una población de 6904 habitantes (INE 2024)."
685,Guadarrama,40.67348,-4.090732,965.5875,0.651380233913315,0.8870921018377346,0.6393143902927021,0.38941066489629894,0.9915502947605254,0.565537776747807,Guadarrama es un municipio y localidad española situada en la parte noroccidental de la Comunidad de Madrid. Cuenta con una población de 17 062 habitantes (INE 2024).
698,Hiruela (La),41.0785,-3.454731,1255.356,0.05700430766664223,0.10783980700141649,0.1692937870877983,0.2006391437608119,0.0,0.27235897539865866,Descripción no disponible.
702,Horcajo de la Sierra,41.06738,-3.585321,1080.612,0.08550646149996335,0.28207459717234196,0.19809733065937377,0.1848284489726466,0.2584888511652915,0.5204267079661065,"Horcajo de la Sierra-Aoslos (anteriormente Horcajo de la Sierra) es un municipio español de la provincia y Comunidad de Madrid. Situado en el Valle Medio del Lozoya, en la comarca de la Sierra Norte de Madrid, tiene una población de 233 habitantes (INE 2024) y comprende las localidades de Horcajo de la Sierra y Aoslos."
719,Horcajuelo de la Sierra,41.06009,-3.54552,1138.176,0.05700430766664223,0.21018827625177258,0.1853449918150401,0.1943313768524734,0.2584888511652915,0.38212764525034393,"Horcajuelo de la Sierra es un municipio español de la provincia y Comunidad de Madrid. Se encuentra en el extremo nororiental de la Sierra Norte de Madrid. Forma parte de la mancomunidad de municipios de la Sierra del Rincón, junto con Puebla de la Sierra, Prádena del Rincón, Montejo de la Sierra, La Hiruela y Madarcos. Cuenta con una población de 110 habitantes (INE, 2022).​"
724,Hoyo de Manzanares,40.62273,-3.90712,1005.688,0.7317155888648925,0.8460951711827737,0.8472707064695377,0.2882969764764522,0.9942287678888709,0.6311547211920356,"Hoyo de Manzanares es un municipio y localidad española de la Comunidad de Madrid. Se sitúa al noroeste de dicha comunidad autónoma, en la ladera sur de la homónima sierra de Hoyo de Manzanares, uno de los montes-isla más importantes de la vertiente sur de la sierra de Guadarrama, de la que dista unos diez kilómetros. El municipio cuenta con una población de 9178 habitantes (INE 2024).
Tiene una superficie aproximada de 45,31 km² y se encuentra situado a una altitud media de 1001 m sobre el nivel del mar. Limita por el oeste y norte con el municipio de Moralzarzal y con el de Becerril de la Sierra, por el este con el de Colmenar Viejo y por el sur con el de Madrid y con el de Torrelodones. En su vértice territorial sureste confluye en un hito, además de con los mencionados términos de Moralzarzal y Torrelodones, también con el de Galapagar.​
La población estable llega a los 9178 habitantes (INE 2024), con una densidad de 177,27 hab/km²,​ si bien la cifra aumenta en verano debido a la afluencia de familias con segunda residencia en esta localidad, aunque esta tendencia es cada vez menor ya que una gran parte de los propietarios están eligiendo el pueblo como domicilio habitual.
Todo el término municipal se encuentra dentro del Parque Regional de la Cuenca Alta del Manzanares que, con una extensión de 52 796 hectáreas, fue creado por la Comunidad de Madrid en 1985. Además, este espacio es Reserva de la Biosfera desde el 15 de febrero de 1993, y está catalogado como Lugar de Importancia Comunitaria en cumplimiento de la Directiva de Hábitats.
El municipio está dividido en cinco núcleos de población: el pueblo histórico, la Ciudad Residencial La Berzosa, la Urbanización Parque de Las Colinas, la colonia de El Berzalejo y la Academia de Ingenieros del Ejército. La principal vía de comunicación es la carretera M-618 que lo comunica con Torrelodones y Colmenar Viejo y que vertebra todos los núcleos citados excepto la Ciudad Residencial La Berzosa, con la que el pueblo se conecta mediante una segunda carretera que tiene consideración de avenida.
Celebra sus fiestas patronales a primeros de septiembre en honor de la Virgen de la Encina. Entre los diversos festejos destaca la tradicional Fiesta de la Caldereta, Fiesta de Interés Turístico Regional,​ ancestral tradición de siglos entre los ganaderos y pastores segovianos, en la que se invita a todos los asistentes a degustar, en torno a los famosos calderos en la plaza Mayor, el guiso de toro de lidia, cuya receta de ajos, aceite, coñac y algún ingrediente más constituye uno de los secretos mejor guardados de la localidad.​ Su prestigio atrae a gentes de toda el área metropolitana de Madrid.​"
730,Humanes de Madrid,40.24954,-3.827206,675.6912,0.8989679039134933,0.8054620491251211,0.8514716197005726,0.4495818427478093,0.9609806573712942,0.49873878317216597,Humanes de Madrid es un municipio y localidad española de la Comunidad de Madrid. El término municipal tiene una población de 20 074 habitantes (INE 2024).
758,Loeches,40.38393,-3.409393,639.8891,0.8980393607419562,0.8351667063376377,0.8943016822975948,0.31193106747770694,0.9737708628109675,0.6268285553536556,"Loeches es un municipio y localidad española de la Comunidad de Madrid. Cuenta con una población de 9200 habitantes (INE 2024) y pertenece al partido judicial de Arganda del Rey. Se encuentra al este de la provincia, entre Alcalá de Henares y Arganda del Rey.
El municipio limita con San Fernando de Henares al norte, con Mejorada del Campo y Velilla de San Antonio al oeste, al sur con Campo Real y Arganda del Rey y al este con Torres de la Alameda y Pozuelo del Rey.​"
761,Lozoya,40.9515,-3.791897,1111.051,0.4497003117606122,0.3198520621929124,0.2072837838361969,0.1922994414512564,0.2584888511652915,0.547928367357734,"Lozoya es un municipio y localidad española de la Comunidad de Madrid, situado en el valle alto del Lozoya, en la Sierra Norte. El término, que cuenta con una población de 617 habitantes (INE 2024), es atravesado por el río Lozoya, represado en el embalse de Pinilla."
9015,Lozoyuela-Navas-Sieteiglesias,40.92643,-3.617723,1022.991,0.45247657698293975,0.3256663549993652,0.4483625085226128,0.18864004269784376,0.4352594460276039,0.5370066896204622,"Lozoyuela-Navas-Sieteiglesias es un municipio español de la provincia y Comunidad de Madrid. Su superficie ronda los 52 km² y está situado a 1028 metros de altitud. Este municipio se creó en 1973 a partir de los municipios de los cuales eran cabeza las localidades anteriores, respectivamente los municipios de Lozoyuela, Las Navas de Buitrago y Sieteiglesias, dando lugar a este municipio con nombre compuesto."
783,Madarcos,41.04731,-3.582663,1057.624,0.08550646149996335,0.28207459717234196,0.18767710205811106,0.2007118859953319,0.2584888511652915,0.5683018159953156,"Madarcos es un municipio y localidad española del norte de la Comunidad de Madrid. El término municipal, ubicado en la sierra del Rincón, tiene una población de 70 habitantes (INE 2024)."
822,Manzanares el Real,40.72705,-3.864914,917.528,0.4913026868687185,0.7041899027439955,0.6534391373823947,0.2933624746476369,0.7697625047041003,0.8454292031055598,"Manzanares el Real es un municipio y localidad española de la Comunidad de Madrid. El término municipal cuenta con una población de 9550 habitantes (INE 2024). Se encuentra en la orilla del embalse de Santillana, formado por las aguas del río Manzanares, que atraviesa el municipio. Entre su patrimonio destaca el Castillo de los Mendoza, construido en el siglo XV, y el enclave natural de La Pedriza, integrado en el Parque Nacional de la Sierra de Guadarrama y en la Reserva de la Biosfera de la Cuenca Alta del Manzanares."
838,Meco,40.5542,-3.328439,670.2038,0.9138384369967125,0.845653020831443,0.5992335735208661,0.371570967772285,0.970535265404901,0.5566761577724627,Meco es un municipio de España perteneciente a la Comunidad de Madrid. En 2024 contaba con 15 732 habitantes empadronados.
843,Mejorada del Campo,40.39701,-3.487864,580.1962,0.8903713011876186,0.8362503058696336,0.9077294254167505,0.5260943551604532,0.9644075788619891,0.6740652841645042,"Mejorada del Campo es un municipio y localidad española de la Comunidad de Madrid. Con una población de 24 659 habitantes (INE 2024), el término municipal está situado en el Este del área metropolitana de Madrid."
856,Miraflores de la Sierra,40.81381,-3.766699,1149.553,0.5874037823478374,0.852359539704465,0.42925639520216724,0.2625938949013042,0.6417293766527918,0.5466532991258608,Miraflores de la Sierra es un municipio y localidad española del norte de la Comunidad de Madrid. El término municipal cuenta con una población de 7139 habitantes (INE 2024).
869,Molar (El),40.73291,-3.582258,819.3329,0.6027882344858618,0.8475161310784769,0.6797682616196852,0.29961775618774295,0.9105616898075366,0.6139954820070658,Descripción no disponible.
875,Molinos (Los),40.71456,-4.072706,1046.887,0.715793173975636,0.8385543307538401,0.4570137631026257,0.2447201274507125,0.9850544954348768,0.5720152591500165,Descripción no disponible.
881,Montejo de la Sierra,41.05928,-3.530301,1151.855,0.4550982936174409,0.21028611864090843,0.21207622053956665,0.1990569919190278,0.2584888511652915,0.4196544807629484,"Montejo de la Sierra es un municipio español perteneciente a la comunidad autónoma de Madrid, situado en la denominada Sierra del Rincón. Se localiza al norte de la comunidad autónoma, lindando con la de provincia de Guadalajara, cerca de las montañas de Somosierra y dentro del sistema Central. Su superficie es de 31,37 kilómetros cuadrados. El núcleo urbano se encuentra a una altitud de 1148 m y se sobrepasan los 2000 m en la zona norte del municipio."
894,Moraleja de Enmedio,40.26033,-3.861412,682.4211,0.899933584640118,0.7686790683595289,0.8901505497015076,0.26785633207373843,0.9432012513541488,0.5105404835818752,Moraleja de Enmedio es un municipio y localidad española al suroeste de la Comunidad de Madrid. Cuenta con una población de 5576 habitantes (INE 2024).
908,Moralzarzal,40.68117,-3.97335,982.0547,0.8664335493584089,0.8646201972546201,0.6372572219579855,0.3483443831348454,0.9633181084805553,0.5588631857052969,"Moralzarzal es un municipio y localidad española de la Comunidad de Madrid. Situado en la sierra de Guadarrama, cuenta con una población de 14 586 habitantes (INE 2024). Su nombre proviene de la unión de dos pueblos vecinos, Fuente del Moral y Zarzal, a mediados del siglo XIV."
915,Morata de Tajuña,40.22751,-3.436966,559.4251,0.42030625720841597,0.2964366877013256,0.8331665181185653,0.28428536761585693,0.28579836424902844,0.5104083372756497,"Morata de Tajuña es un municipio y localidad española del sureste de la Comunidad de Madrid. El término municipal, ubicado en el valle del río Tajuña, cuenta con una población de 8319 habitantes (INE 2024)."
936,Navacerrada,40.72893,-4.0151,1193.742,0.7251370798554071,0.8418751694413189,0.468389826213023,0.2216103058091743,0.9913793729553427,0.5693513098062213,"Navacerrada es un municipio y localidad española de la Comunidad de Madrid, situado a 1200 m de altitud, en la ladera sur de la sierra de Guadarrama. Se ubica junto el embalse del mismo nombre, a la entrada del valle de la Barranca."
941,Navalafuente,40.82451,-3.673573,906.057,0.6145502861639478,0.8465312658442368,0.46267339777164346,0.1894025575818496,0.5481890377554796,0.5377175877970966,Navalafuente es un municipio  y localidad española de la Comunidad de Madrid. El término municipal tiene una población de 1672 habitantes (INE 2024).
954,Navalagamella,40.46916,-4.12338,759.7007,0.48588130455175155,0.7266078935213377,0.4728261371749701,0.2016316022507993,0.7267930538647293,0.5445573163329063,Navalagamella es un municipio y localidad española de la Comunidad de Madrid. El término municipal tiene una población de 3111 habitantes (INE 2024).
967,Navalcarnero,40.28781,-4.013766,672.8241,0.8998150007829251,0.8820293272161948,0.8770972238617009,0.5487425864233104,0.975838374681016,0.750683554468131,Navalcarnero es un municipio y localidad española al sur de la Comunidad de Madrid. El término municipal tiene una población de 32 683 habitantes (INE 2024).
973,Navarredonda y San Mamés,40.99078,-3.726047,1219.314,0.05700430766664223,0.28207459717234196,0.11872610738380207,0.1900652266135174,0.0,0.45617641796022596,Navarredonda y San Mamés es un municipio español de la Comunidad de Madrid. Cuenta con una población de 151 habitantes (INE 2024).
992,Navas del Rey,40.38501,-4.250652,717.2259,0.47760552921850075,0.5809805475057377,0.4407756749730534,0.20613044854187254,0.4226471234245708,0.6317458379403154,Navas del Rey es un municipio y localidad española de la Comunidad de Madrid. El término municipal cuenta con una población 3347 habitantes (INE 2024).
1006,Nuevo Baztán,40.36552,-3.243183,834.9736,0.5573571674897291,0.5680696504037811,0.6078237257701715,0.24546769758836576,0.37959291789886446,0.6537578533177056,"Nuevo Baztán es un municipio español de la Comunidad de Madrid, situado en la comarca Cuenca del Henares, a 50 km de la capital. El casco histórico se remonta a 1709-1713, levantándose como residencia de los obreros de una fábrica de vidrio fundada ex novo por Juan de Goyeneche, seguidor del racionalismo francés, a partir de Villa de Olmedo. El nombre de Nuevo Baztán proviene del valle del Baztán, en Navarra, lugar de nacimiento de Goyeneche. El modelo urbanístico de calles en retículo ortogonal definido a comienzos del siglo XVIII para este poblado ha sido objeto de estudio por urbanistas españoles como Fernando Chueca Goitia, que lo han calificado de «ejemplo del urbanismo barroco castizo».​​
Goyeneche encarga el diseño de los edificios y su distribución espacial urbanística al arquitecto español José Benito Churriguera.​ El poblado ocupa un lugar en la meseta,​ donde antes había un bosque de acebos (Ilex aquifolium). Las industrias estuvieron funcionando hasta mediados del siglo XVIII, sufriendo diversas transformaciones hasta que se cerraron definitivamente, el viejo poblado permaneció en estado de abandono durante varios siglos.
A comienzos del siglo XX se realizaron diversos intentos de restauración del poblado antiguo, y en 1941 se declaró Monumento Histórico-Artístico.​ En 1965, por iniciativa de una compañía urbanizadora, se promueve el ensanche del viejo pueblo con la urbanización de Eurovillas, posteriormente se construyeron otras urbanizaciones que hicieron crecer la población en su periferia. Desde el 16 de marzo de 2000 el conjunto formado por el palacio de Goyeneche y la iglesia (dedicada al santo navarro Francisco Javier) está considerado Bien de Interés Cultural.​
Está catalogado como Uno de Los Pueblos Más Bonitos de España desde el año 2021 y pertenece desde entonces a la asociación homónima."
1013,Olmeda de las Fuentes,40.36943,-3.221704,785.2642,0.5674175940242516,0.5378940649435502,0.4329054025710139,0.18961001945346467,0.33354539034600483,0.5024788864390614,Olmeda de las Fuentes (antiguamente Olmeda de la Cebolla) es un municipio y localidad española de la Comunidad de Madrid. El término municipal tiene una población de 408 habitantes (INE 2024).
1028,Orusco de Tajuña,40.28515,-3.208557,662.3139,0.5220221855481542,0.46382251063274094,0.4812004934318364,0.18479121942287557,0.2584888511652915,0.3665349025829704,"Orusco de Tajuña (antiguamente Orusco) es un municipio y localidad española del sureste de la Comunidad de Madrid. El término municipal, perteneciente a la comarca de Las Vegas, tiene una población de 1511 habitantes (INE 2024)."
1049,Paracuellos de Jarama,40.50481,-3.53227,692.0413,0.9024088022971873,0.8645817599502713,0.9049816101646997,0.5298470742382362,0.9651499620966146,0.5887788789098335,"Paracuellos de Jarama es un municipio de España situado en la Comunidad de Madrid. El término municipal, con una población de 27 238 habitantes (INE 2024), incluye además de a la localidad homónima los núcleos de La Granja/El Cruce, Los Berrocales del Jarama, Belvis del Jarama, INTA y El Avalón. Se encuentra cerca del aeropuerto de Madrid-Barajas."
1071,Patones,40.85573,-3.48511,713.0287,0.4368281944828178,0.5958748528833822,0.44239860022556854,0.19177174535536756,0.3299260977004217,0.6880456643129201,"Patones es un municipio español situado al nordeste de la Comunidad de Madrid. Su población, de 602 habitantes (INE 2024), se reparte entre las localidades de Patones de Arriba y Patones de Abajo. La primera de ellas es un ejemplo de la arquitectura negra y debido a su patrimonio en buen estado de conservación fue declarada bien de interés cultural.​​ En la segunda se encuentra la sede del ayuntamiento.
En su término municipal se encuentran los despoblados de Navarejos y San Román de Pradales, fundados por repobladores provinientes de Navares de las Cuevas (Segovia).​"
1087,Pedrezuela,40.74369,-3.603798,869.5692,0.46708847461602615,0.6966105196332529,0.6842979667310517,0.2535448359170185,0.652948465563238,0.543783640781468,"Pedrezuela es un municipio y localidad española de la Comunidad de Madrid, al norte de la región, a 42 kilómetros de Madrid. Cuenta con una población de 6467 habitantes (INE 2024).
Dentro del término municipal se ubican las urbanizaciones de Montenebro, en el lado opuesto de la hoz del río Guadalix, y Atalaya Real, que asoma desde un cerro al embalse de Pedrezuela. 
Destaca en Pedrezuela la iglesia parroquial de San Miguel, de estilo gótico, fechada en el siglo XVI. En sus alrededores todavía se encuentran casitos, construcciones circulares de piedra con techo de adobe y paja, muy semejantes a los castros celtíberos. También destacan sus caminos rurales, la mítica presa del Mesto y el documento de concesión de la carta puebla, que data de 1331. Asimismo destacan sus excelentes restaurantes, donde se puede degustar cabrito asado entre otras especialidades culinarias.
Las fiestas populares se celebran el 29 de septiembre, en honor a San Miguel Arcángel."
1090,Pelayos de la Presa,40.35954,-4.334138,561.4791,0.4484838980924214,0.5143023161772907,0.21969651016165953,0.18314556550601338,0.5821723159817487,0.6055692355559563,"Pelayos de la Presa es un municipio y localidad española de la Comunidad de Madrid. Situado en el suroeste de la provincia, tiene una superficie de 7,58 km² con una población de 2827 habitantes (INE 2021) y una densidad de 372,96 hab./km².
Se encuentra situado en una zona de monte bajo del suroeste de la Comunidad de Madrid, junto al embalse de San Juan, lo que condiciona su economía. Esta se basa principalmente en el sector turístico y de servicios, llegando la localidad a quintuplicar su población en temporada estival."
1104,Perales de Tajuña,40.23453,-3.352198,577.9905,0.428350239939731,0.2175508727887294,0.8561143010141637,0.19623913922482744,0.2584888511652915,0.5591641641914402,"Perales de Tajuña es un municipio y localidad de España del sureste de la Comunidad de Madrid, a 41 km de Madrid. El término municipal, ubicado en la comarca de Las Vegas, tiene una población de 3207 habitantes (INE 2024)."
1111,Pezuela de las Torres,40.41869,-3.177605,855.1563,0.5043853007918875,0.39007718431859023,0.6604473681923738,0.19096317258047965,0.39622189177838896,0.41149596017032086,"Pezuela de las Torres es un municipio español de la Comunidad de Madrid, limítrofe con la provincia de Guadalajara, localizada en la comarca natural de la Alcarria de Alcalá.​​"
1126,Pinilla del Valle,40.9262,-3.819392,1097.138,0.4343127910673821,0.35532858972039527,0.1819362542776552,0.18754113188321248,0.2584888511652915,0.6313710543089915,"Pinilla del Valle es un municipio y localidad española de la Comunidad de Madrid. Se sitúa en el valle del Lozoya, en la zona noroeste de la provincia, y tiene una población de 200 habitantes (INE 2024). El término municipal, que se encuentra entre los de Alameda del Valle y Lozoya, es una estrecha franja que atraviesa el valle desde el cordal que divide las provincias de Madrid y Segovia hasta la Cuerda Larga."
1147,Piñuécar-Gandullas,41.03265,-3.599468,1063.421,0.14251076916660557,0.49773355993405005,0.2195366043301407,0.18927427877577216,0.2960171207556482,0.5210734633618422,"Piñuécar-Gandullas es un municipio español formado por dos núcleos de población diferentes: Piñuécar y Gandullas. Está situado en la Comunidad de Madrid, en la comarca del Valle del Lozoya y de la Sierra Norte (Madrid). Limita con los municipios de Buitrago del Lozoya, La Acebeda, Horcajo de la Sierra-Aoslos, La Serna del Monte, Madarcos y Puentes Viejas.
El municipio está formado por dos núcleos de población diferentes: Piñuécar y Gandullas. Piñuécar a su vez tenía agregado a Bellidas, despoblado a mediados del siglo XX. También existe al noroeste de la población de Piñuécar la espadaña de Santo Domingo. Esta ermita era la sede del Tribunal de Aguas, nombrada en numerosos escritos como punto en el que se dirimían los asuntos de aguas de ""Piñuécar y sus agregados, Bellidas y Ventosilla"", este último de ubicación desconocida. Actualmente existe la iglesia de San Simón Apóstol en Piñuécar y la iglesia de Nuestra Señora de la Paz en Gandullas. En aquel tiempo, y hasta el siglo XVIII, Gandullas formaba un municipio independiente."
1163,Pozuelo del Rey,40.36622,-3.321994,807.1237,0.6327783529720971,0.6023054790144092,0.6484093300487768,0.19138058549984266,0.5473370590278782,0.59044492958924,Pozuelo del Rey es un municipio español de la Comunidad de Madrid.
1179,Prádena del Rincón,41.04411,-3.540921,1114.976,0.05700430766664223,0.21018827625177258,0.220150632601476,0.2017054033953653,0.2584888511652915,0.5323638970201224,"Prádena del Rincón es un municipio y localidad española de la Comunidad de Madrid. El término municipal, ubicado en la comarca de la Sierra Norte, dentro de la sierra del Rincón, tiene una población de 139 habitantes (INE 2024)."
1185,Puebla de la Sierra,41.01208,-3.444847,1160.507,0.0,0.14378296746170116,0.10343401257959872,0.19042423931942773,0.0,0.16694872421418042,Puebla de la Sierra es un municipio y localidad española del norte de la Comunidad de Madrid. El término municipal tiene una población de 93 habitantes (INE 2024).
9020,Puentes Viejas,40.99496,-3.550907,1065.958,0.4188300723411233,0.17424511579148788,0.25950064209260315,0.19205452578076757,0.0,0.47085218560848885,"Puentes Viejas es un municipio de la Comunidad de Madrid, situado en el Valle Bajo del Lozoya de la Sierra Norte de Madrid. Surgió en 1975 por la fusión de tres municipios preexistentes: Mangirón (que había absorbido al municipio de Cinco Villas en 1850), Paredes de Buitrago y Serrada de la Fuente, tomando su nombre del embalse de Puentes Viejas. La sede del Ayuntamiento se encuentra en Mangirón.
Su extensión es de 58 km², encontrándose en una zona de formaciones montañosas que apenas superan los 1000 m de altitud. En su paisaje destaca la presencia de distintos embalses (embalse de Puentes Viejas, embalse de El Villar, embalse del Atazar y el azud de Tenebroso) construidos por el Canal de Isabel II con el objetivo de abastecer de agua a la Comunidad de Madrid.
En 2007 se rodó en el pueblo un programa especial de Sé lo que hicisteis emitido por La Sexta.
En 2015 se inauguró la Ruta del Frente del Agua en el pinar de Paredes de Buitrago, donde se conservan yacimientos como búnkeres de la guerra civil española, tanto del bando republicano como del bando sublevado. La ruta tiene varios recorridos el cual el visitante puede escoger el que prefiera, la ruta más larga contiene más de 12 kilómetros. Además, la ruta contiene un puesto de mando en la que se pueden observar distintas habitaciones donde los encargados del Ejército vivieron durante dicha guerra."
1198,Quijorna,40.42656,-4.057429,574.5786,0.6768097668744143,0.8087560350551826,0.669674858230441,0.23371071651057918,0.9728887318936086,0.5425908820237267,Quijorna es un municipio y localidad española de la Comunidad de Madrid. El término municipal tiene una población de 4001 habitantes (INE 2024).
1202,Rascafría,40.90381,-3.879398,1157.038,0.397423773536549,0.21655739622211914,0.16588284992279817,0.20790611605270637,0.2584888511652915,0.6398576392114402,"Rascafría es un municipio y localidad española del noroeste de la Comunidad de Madrid. Ubicado en el valle del Lozoya, cuenta con una población de 1707 habitantes (INE 2024) y se encuentra a una altitud de 1200 m sobre el nivel del mar. La localidad conserva una arquitectura popular propia de la sierra de Guadarrama, y dentro de su término municipal se hallan el parque natural de Peñalara y el arboreto Giner de los Ríos. Entre sus monumentos destaca el monasterio de El Paular."
1219,Redueña,40.8163,-3.603684,823.9578,0.5503476504358688,0.7134602597343908,0.4379169391771912,0.20052185349839008,0.7156274628014816,0.5113520845128299,Redueña es un municipio y localidad española perteneciente a la Comunidad de Madrid. El término municipal tiene una población de 288 habitantes (INE 2024).
1224,Ribatejada,40.6665,-3.392131,761.6322,0.8305224298013565,0.8465149566798215,0.6478246823869303,0.18417142464638003,0.9106380095801827,0.5849603897327722,Ribatejada es un municipio y localidad española de la provincia y Comunidad de Madrid. El término municipal tiene una población de 900 habitantes (INE 2024).
1245,Robledillo de la Jara,40.95299,-3.525749,1017.706,0.028502153833321116,0.10783980700141649,0.23672963991902374,0.1700540132019954,0.2584888511652915,0.3939349567222289,"Robledillo de la Jara es un municipio y localidad española del norte de la Comunidad de Madrid. El término tiene una población de 131 habitantes (INE 2024). Situado en el valle del Lozoya, en la comarca de la Sierra Norte, orográficamente se halla en las últimas estribaciones meridionales del macizo de Ayllón, entre el río Lozoya y su afluente El Riato. El término municipal incluye al despoblado de El Villar, que da nombre al embalse homónimo."
1258,Robledo de Chavela,40.50089,-4.238043,893.4601,0.4536083410413287,0.35769398155532567,0.20885804900947896,0.21657986526736725,0.4897027166041447,0.7044691256771494,"Robledo de Chavela es un municipio y localidad española perteneciente a la Comunidad de Madrid. Está situado en la Sierra Oeste de Madrid, en una zona situada a medio camino entre el área occidental de la sierra de Guadarrama y la sierra de Gredos.​ El término municipal tiene una población de 4725 habitantes (INE 2024)."
1261,Robregordo,41.10658,-3.593292,1297.608,0.0,0.21018827625177258,0.20044673332459984,0.16957388444857918,0.0,0.19623355875743193,"Robregordo es un municipio y localidad española del norte de la Comunidad de Madrid, en la comarca de Sierra Norte. Cuenta con 73 habitantes (INE 2024), siendo uno de los municipios con menos población de toda la Comunidad de Madrid."
1283,Rozas de Puerto Real,40.31007,-4.490765,876.1035,0.3037352169936663,0.47592507975377907,0.17248543533487676,0.1691878174885362,0.2686177951383783,0.5350155532749238,"Rozas de Puerto Real es un municipio y localidad española perteneciente a la Comunidad de Madrid. Ubicado en el suroeste de la provincia, el término municipal cuenta con una población de 580 habitantes (INE 2024)."
1296,San Agustín del Guadalix,40.67867,-3.615861,667.7155,0.4390252414028716,0.6395724131474303,0.8658014317150964,0.37876859048146017,0.796622715654815,0.5203760746618641,"San Agustín del Guadalix es un municipio y localidad española de la Comunidad de Madrid, junto a la autovía A-1. Cuenta con una población de 13 762 habitantes (INE 2024)."
1300,San Fernando de Henares,40.42553,-3.536694,591.3853,0.9041989976218519,0.872445174699231,0.9437080204135553,0.764973602217625,0.9645926856872502,0.686172602772382,"San Fernando de Henares, tradicional e históricamente conocido como ""Real Sitio"" de San Fernando,​ es un municipio situado al este de la Comunidad de Madrid, a unos 15 kilómetros al este de la capital. Se encuentra ubicado en el Corredor del Henares y forma parte del área metropolitana de Madrid. Parte de su término está incluido dentro del parque regional del Sureste. Tiene una extensión de 39,29 km² y una población de 38 974 habitantes (2023).​"
1317,San Lorenzo de El Escorial,40.59167,-4.149123,1052.468,0.6845519440051645,0.8251408909469211,0.4264828030427233,0.39770885311358783,0.9859744597377771,0.8383696021979641,"San Lorenzo de El Escorial es un municipio y localidad de España, en la Comunidad de Madrid. Se encuentra en el noroeste de la Comunidad, en la vertiente suroriental de la sierra de Guadarrama, al pie del monte Abantos y Las Machotas, a 47 km de Madrid. Es cabeza del partido judicial homónimo. Recibe popularmente el nombre de El Escorial de Arriba, para diferenciarlo del vecino pueblo de El Escorial, que, por su parte, es designado como El Escorial de Abajo.
La localidad fue fundada en tiempos de Carlos III, en el siglo XVIII, y se constituyó como municipio en el siglo XIX, cuando tuvo su primer alcalde. Surgió como una escisión de El Escorial, donde Felipe II construyó a finales del siglo XVI el Monasterio de El Escorial y mediante la anexión de las fincas colindantes, el Real Sitio del mismo nombre. En la parte segregada se encontraban los principales edificios y parajes de este Real Sitio, incluido el Monasterio, que en la actualidad se halla, por tanto, en el término de San Lorenzo de El Escorial. De ahí que el citado monumento reciba también el nombre de «Monasterio de San Lorenzo de El Escorial».
El Monasterio y el Real Sitio fueron declarados Patrimonio de la Humanidad por la Unesco el día 2 de noviembre de 1984, con la denominación de «El Escorial, Monasterio y Sitio». Alrededor de este edificio, uno de los principales monumentos renacentistas españoles, se ha articulado una potente industria turística y hostelera, que ha convertido a San Lorenzo de El Escorial en uno de los principales destinos de la comunidad autónoma. Dentro de su término municipal se encuentra también el Valle de Cuelgamuros.
Desde el 21 de junio de 2006, su término se encuentra protegido como Bien de Interés Cultural, en la categoría de Territorio Histórico o Sitio Histórico, figura en la que también se incluyen los municipios vecinos de El Escorial, Santa María de la Alameda y Zarzalejo."
1322,San Martín de la Vega,40.2078,-3.568544,517.0689,0.6112715480693884,0.8396122737064006,0.8143565397774354,0.4285648144868308,0.7373953948314546,0.5165842417160325,"San Martín de la Vega es un municipio español del sur de la Comunidad de Madrid, situado en la comarca de Las Vegas. Es conocido por estar en su término municipal el parque temático Parque Warner Madrid. A fecha de 2020, la población era de 19 663 habitantes."
1338,San Martín de Valdeiglesias,40.36174,-4.397521,677.8516,0.4516679644277784,0.5296635712716207,0.2024509165236269,0.24942015184801086,0.5821723159817487,0.6100504243353387,"San Martín de Valdeiglesias es un municipio y localidad española perteneciente a la Comunidad de Madrid. El término municipal, situado en el extremo occidental de la comunidad autónoma, lindando con las provincias de Ávila y Toledo, tiene una población de 9159 habitantes (INE 2024)."
1356,Santa María de la Alameda,40.5957,-4.257937,1411.015,0.4304887963070131,0.323541128505943,0.24771086810733478,0.1779391561600246,0.3949331463027258,0.5438598532090435,"Santa María de la Alameda es un municipio de España perteneciente a la Comunidad de Madrid, situado en la zona noroeste de la región, a los pies de la vertiente meridional de la sierra de Guadarrama. Su término forma parte del Territorio Histórico ""El Escorial: Monasterio, Sitio y Entorno Natural y Cultural"", declarado Bien de Interés Cultural por la Comunidad de Madrid, mediante decreto 52/2006. También está incluido dentro del Paraje Pintoresco del Pinar de Abantos y Zona de La Herrería, espacio natural protegido constituido en 1961. A Santa María de la Alameda pertenece la Dehesa de la Cepeda, el único enclave perteneciente a la Comunidad de Madrid, que se encuentra entre las provincias de Segovia y Ávila. Cuenta con una población de 1517 habitantes (INE 2024)"
1369,Santorcaz,40.47216,-3.233114,864.0168,0.5648358663956864,0.4734843538348442,0.6457957043717399,0.18450610860554761,0.7027049188899693,0.8615445052069555,"Santorcaz​ es un municipio de la Comunidad de Madrid, España, situado a 50 km de la capital de España. Está situada cerca de la frontera con la provincia de Guadalajara y a 20 km de su capital. La superficie del municipio es de 28,14 km², con una población de 999 habitantes (INE 2024) y una densidad de población de 32,55 hab/km²."
1375,Santos de la Humosa (Los),40.50191,-3.254799,875.056,0.6149419095855191,0.7615351745600192,0.5965595378589789,0.20903618677662977,0.8334595110788009,0.5276609468995413,Descripción no disponible.
1381,Serna del Monte (La),41.02979,-3.625026,1072.925,0.08550646149996335,0.4617903994737654,0.22431482376661946,0.17676559559908964,0.2584888511652915,0.5045072596157688,Descripción no disponible.
1408,Serranillos del Valle,40.20465,-3.885819,650.8673,0.8908350328122847,0.8213771251549621,0.8324345363165818,0.24655855418506017,0.967103913948852,0.5457435125165689,"Serranillos del Valle es un municipio y localidad española de la Comunidad de Madrid, perteneciente a la comarca de La Sagra. Cuenta con una población de 4634 habitantes (INE 2024)."
1415,Sevilla la Nueva,40.34781,-4.027501,674.3175,0.9075987624574946,0.842756628359581,0.6444497874539417,0.31211066179439917,0.9878489712294618,0.5457946422933543,"Sevilla la Nueva es un municipio y localidad española de la Comunidad de Madrid. Se encuentra en el suroeste de la comunidad autónoma, entre Navalcarnero y Brunete. Cuenta con una población de 9657 habitantes (INE 2024)."
1436,Somosierra,41.13312,-3.581837,1436.419,0.0,0.14378296746170116,0.17514110448445075,0.18526834771445821,0.2584888511652915,0.2891452515888596,Somosierra es un municipio y localidad española del norte de la Comunidad de Madrid. Cuenta con una población de 95 habitantes (INE 2024).
1441,Soto del Real,40.75428,-3.783356,922.4442,0.4992225568034564,0.6586381481135755,0.6642449478158768,0.304365244906991,0.7567022813876817,0.5431004565405196,"Soto del Real, antigua villa Chozas de la Sierra, es un municipio español de la provincia y Comunidad de Madrid. Se sitúa en la cara sur de la sierra de Guadarrama, más concretamente en la zona de esta conocida como Cuerda Larga. El valle más próximo al municipio es la Hoya de San Blas. Se encuentra situado a 46 km por carretera de la ciudad de Madrid y a 11 km de Colmenar Viejo. 
Su término municipal es pequeño, 42,17 km², y abarca desde el embalse de Santillana hasta la cima de La Najarra (2120 m) en la sierra, pasando por el piedemonte."
1454,Talamanca de Jarama,40.74688,-3.513244,655.0905,0.594030563769891,0.7693369030350835,0.6603627769856659,0.23684217805317398,0.6487359982924235,0.8530882405183904,"Talamanca de Jarama es un municipio y localidad española de la Comunidad de Madrid. Está situado en la parte septentrional de esta comunidad autónoma, en el límite con Castilla-La Mancha. Su término se extiende sobre la comarca natural de la Campiña del Henares y por él discurre el tramo medio del río Jarama. Cuenta con una población de 4123 habitantes (INE 2021).
La villa posee un rico patrimonio histórico-artístico y en ella se conservan los vestigios románicos y románico-mudéjares de mayor valor arquitectónico existentes en el nordeste madrileño. Su casco urbano corresponde a la antigua plaza Fuerte y al Arrabal, barrios que separa el arroyo de Valdejudíos. La población está configurada en un recinto totalmente amurallado, muy característico de Castilla, durante la Edad Media.
El municipio posee un hábitat natural con numerosas aves, en especial, la avutarda común, rapaces como el aguilucho cenizo, el aguilucho pálido y ánade real. 
Cuenta con cinco monumentos catalogados como bien de interés cultural, entre los que se encuentran el ábside románico de la iglesia parroquial de San Juan Bautista y el puente romano sobre el arroyo del Caz, que se encuentra representado en el escudo.
Algunos de los edificios nobles del pueblo conservan el aspecto que tenían en el siglo XVII, lo que ha favorecido que se convierta en la capital cinematográfica de la zona. Viene siendo uno de los lugares preferidos de productores norteamericanos y españoles. En 2009 se contabilizaba ya un total de 130 películas rodadas en el municipio, a lo que se unen numerosas series de televisión.​​"
1467,Tielmes,40.24457,-3.314466,580.7983,0.5073461185711177,0.28961029947469297,0.66151006057896,0.20296534177465403,0.3244911473735806,0.5160226997196649,"Tielmes es un municipio y localidad española de la Comunidad de Madrid. El término municipal, perteneciente a las comarcas de la Alcarria de Alcalá y de las Vegas, tiene una población de 2810 habitantes (INE 2024)."
1473,Titulcia,40.13673,-3.570501,514.1019,0.5774517585762727,0.7650045762811546,0.7754072475911953,0.1859242109870326,0.6003654510017069,0.6020134124561782,Titulcia es un municipio y localidad española de la Comunidad de Madrid.
1492,Torrejón de la Calzada,40.20154,-3.798929,632.9291,0.8863373449499179,0.8543726698443191,0.8370246441498956,0.30291206219822187,0.9581450698350968,0.5093157484127637,Torrejón de la Calzada es un municipio y localidad española de la Comunidad de Madrid. Cuenta con una población de 10 378 habitantes (INE 2024) y pertenece al partido judicial de Valdemoro.
1505,Torrejón de Velasco,40.18713,-3.778751,609.1476,0.8827219634950759,0.8401407334822116,0.8403233957999338,0.2464916409742527,0.9582943937382498,0.6615942564801719,Torrejón de Velasco es un municipio y localidad española situado en el sur de la Comunidad de Madrid. El término municipal tiene una población de 4893 habitantes (INE 2024).
1512,Torrelaguna,40.82785,-3.538488,742.3256,0.542702679259387,0.6403077221856092,0.49021568575640867,0.24683055315397803,0.4827502769114638,0.8304648957098872,Torrelaguna es un municipio y villa española de la Comunidad de Madrid. Cuenta con una población de 4991 habitantes (INE 2024).
1527,Torrelodones,40.57628,-3.929452,847.145,0.8858768808369707,0.8935229005474647,0.829788400266756,0.5020038474774353,0.9938186758902642,0.7834023752378327,"Torrelodones es un municipio del noroeste de la Comunidad de Madrid (España), situado a 29 kilómetros de Madrid. Por su localización entre la sierra de Guadarrama y el área metropolitana de la capital, está vinculado a dos comarcas madrileñas: la comarca agrícola de Guadarrama y la corona metropolitana de Madrid. Según datos oficiales de población cuenta con una población de 25 316 habitantes (INE 2024), distribuida en siete núcleos de población. Se encuentra a una altitud media de 845 m sobre el nivel del mar.​
Limita al norte con Hoyo de Manzanares, al este con Madrid a través del monte de El Pardo, al sur con Las Rozas de Madrid y al oeste con Galapagar. Los habitantes de este municipio se encuentran entre los de mayor renta per cápita de la Comunidad de Madrid. Los servicios, la hostelería y la construcción constituyen sus principales actividades económicas.
El pueblo posee un interesante patrimonio artístico y natural y forma parte de dos rutas turísticas de la Comunidad de Madrid. Una de ellas es la Ruta Imperial, que sigue parcialmente el camino histórico empleado en el siglo XVI por el rey Felipe II en sus desplazamientos desde la ciudad de Madrid hasta el Real Sitio de El Escorial.​ La otra es la Ruta por los Castillos, Fortalezas y Atalayas, a la que queda vinculada por la atalaya de Torrelodones, una torre-vigía de origen andalusí.​
En lo que respecta a sus valores ambientales, buena parte de su territorio está protegido a través del parque regional de la Cuenca Alta del Manzanares y del parque regional del Curso medio del río Guadarrama y su entorno.
En su término se encuentra el Casino Gran Madrid, inaugurado en 1981 y primero existente en la Comunidad de Madrid, de gran importancia en la economía local del municipio, al ser la primera gran empresa radicada en el mismo."
1533,Torremocha de Jarama,40.83705,-3.494407,705.3375,0.458150773290609,0.5947760075900103,0.4717713188273864,0.1964792955751404,0.4046494570795777,0.61022288429022,Torremocha de Jarama es un municipio y localidad española de la Comunidad de Madrid. El término municipal tiene una población de 1132 habitantes (INE 2024).
1548,Torres de la Alameda,40.40473,-3.360132,668.0449,0.6737517444267469,0.7964059549834691,0.8169885949879796,0.27703034433283086,0.9759593435461875,0.5459615696891652,"Torres de la Alameda es un municipio español de la provincia y Comunidad de Madrid ubicado a 41 km de Madrid capital y a 9 km de Alcalá de Henares. Constituye uno de los municipios transversales del industrializado Valle del Henares y que acoge una dinámica actividad industrial y residencial como descongestión de las ciudades centrales del Valle. Pertenece a la diócesis de Alcalá de Henares.
El pueblo limita con Alcalá de Henares al norte, con San Fernando de Henares y Loeches al oeste, con Valverde de Alcalá y Villalbilla al este y con Pozuelo del Rey al sur. El término municipal está atravesado por dos vías pecuarias: la colada Galiana y la colada de Alcalá a Torres. Asimismo pasa por el municipio la, vía de alta velocidad Madrid-Barcelona. En el núcleo urbano se cruzan las carreteras M-220, M-224 y M-225, que conectan la localidad con sus vecindarios inmediatos. Hacia el oeste, alejada del centro del pueblo se encuentra la M-300, que une Alcalá de Henares con Loeches hasta llegar a la autovía A-3 (Madrid-Valencia).
En cuanto a su geografía el término municipal de Torres de la Alameda esta definido por una amplia meseta al sur de la que parten las vegas de los arroyos Pantueña y Anchuelo, que confluyen en la vega del Henares en la zona noroeste, proporcionando un terreno adecuado para la explotación agrícola de cultivos de secano como el cereal y el olivo. De acuerdo a la división comarcal de Maite Rodríguez Ariza, Torres de la Alameda se engloba en la subcomarca del ""páramo de Campo Real"", incluida en la comarca más amplia de “los páramos”.​ Esta categorización define especialmente las zonas elevadas que han sido caracterizadas como ""alcarria madrileña"". En ellas se da una vegetación de monte bajo representativa del ecosistema mediterráneo que cuenta con una biodiversidad de más de 900 especies.​
El gentilicio por el que son conocidos los habitantes de Torres de la Alameda es torresano/a, aunque de manera despectiva o satírica son llamados ""mangurrinos"" por los naturales de los pueblos de los alrededores. El escudo del pueblo está compuesto por tres torres y tres espigas doradas sobre un fondo azur.,​ y la bandera presenta el escudo en el centro sobre un fondo púrpura."
1551,Valdaracete,40.21115,-3.194556,737.9929,0.08550646149996335,0.28918882456764616,0.47351129962334076,0.17411559303470853,0.0,0.2559313864877262,"Valdaracete es un municipio y localidad española de la Comunidad de Madrid. El término municipal, ubicado en las comarcas de Las Vegas y la Alcarria de Chinchón, tiene una población de 645 habitantes (INE 2024)."
1564,Valdeavero,40.63099,-3.332983,713.679,0.7474217071442295,0.7500807905810006,0.6498152071156844,0.1956539759182708,0.6024713120041838,0.5304186060916104,Valdeavero es un municipio y localidad española de la Comunidad de Madrid. El término municipal tiene una población de 1823 habitantes (INE 2024).
1570,Valdelaguna,40.16192,-3.367249,710.8623,0.5260335693627295,0.63215098276006,0.639456677310858,0.1788879533561379,0.6343712562212374,0.54224388693417,"Valdelaguna es un municipio y localidad española de la Comunidad de Madrid. El término municipal, ubicado en las comarcas de Las Vegas y de la Alcarria de Chinchón, tiene una población de 1094 habitantes (INE 2024)."
1586,Valdemanco,40.87252,-3.662956,1133.363,0.5420386708285478,0.5033199407913097,0.43779440475840165,0.20117461060351127,0.40025033762599443,0.5220669110460642,Valdemanco es un municipio y localidad española de la Comunidad de Madrid. El término municipal cuenta con una población de 1052 habitantes (INE 2024). La localidad está ubicada a unos 1140 m sobre el nivel del mar.
1599,Valdemaqueda,40.51147,-4.295926,864.9176,0.4637211472922005,0.31806291565838163,0.2038458624086772,0.1712091532742112,0.3719020174795844,0.5378893360407447,"Valdemaqueda es un municipio de España perteneciente a la Comunidad de Madrid. Forma parte de la comarca de la Sierra Oeste, enclavada en el extremo suroccidental de la región, en el límite con Castilla y León. El término municipal tiene una población de 833 habitantes (INE 2024)."
1603,Valdemorillo,40.50208,-4.065841,820.9337,0.45758626727852186,0.6426176633298785,0.6422065058250194,0.35156454284577937,0.768787871442836,0.5482343070740127,"Valdemorillo es un municipio y localidad española del oeste de la Comunidad de Madrid. El término municipal, con una población de 14 164 habitantes (INE 2024), incluye, además de la localidad homónima, las urbanizaciones de Mojadillas, El Paraíso, Pino Alto Cazadero Real, Pino Alto Sector Sur, Jarabeltrán, Puentelasierra, La Esperanza, Montemorillo, Parque de las Infantas, La Pizarrera, Mirador del Romero, Los Barrancos y Cerro Alarcón compartida con Navalagamella y Ampliación Cerro Alarcón. En el municipio se localiza parte del embalse de Valmayor."
1625,Valdeolmos-Alalpardo,40.62949,-3.475017,680.2087,0.7431910879168742,0.86533141037792,0.8841102406388699,0.25034929176085163,0.9929154997315501,0.5260431843724983,"Valdeolmos-Alalpardo es un municipio español del noreste de la Comunidad de Madrid. Tiene una superficie de 26,81 km² y una población de 4568 habitantes (INE 2024). Incluye las unidades poblacionales de Valdeolmos, Alalpardo y Miraval."
1631,Valdepiélagos,40.76059,-3.465914,744.8907,0.5773985551297987,0.5427805183480443,0.6490855433119571,0.19204629785203253,0.5988515640535766,0.5300047614920584,Valdepiélagos es un municipio y localidad española del norte de la Comunidad de Madrid. El término municipal tiene una población de 619 habitantes (INE 2024). El 3 de mayo de 1801 adquirió el título de Villa.
1646,Valdetorres de Jarama,40.69559,-3.514251,651.753,0.6935081722635523,0.657532700198674,0.680110068281543,0.23541084412393312,0.6748762344078957,0.5921842225392249,"Valdetorres de Jarama es un municipio y localidad de España, perteneciente a la Comunidad de Madrid. El término municipal tiene una población de 5026 habitantes (INE 2024)."
1659,Valdilecha,40.29548,-3.303884,724.2806,0.41879804093366,0.2199141428032417,0.618478489305597,0.21506031713563942,0.28696287778322394,0.5380869822763947,"Valdilecha es un municipio y localidad española de la Comunidad de Madrid. El término, situado en la Alcarria de Alcalá, tiene una población de 3213 habitantes (INE 2024)."
1662,Valverde de Alcalá,40.41972,-3.298921,733.9373,0.6560014269179351,0.8173509652748839,0.6765154378297993,0.18885307636673018,0.8613188635714368,0.5572060336602414,Valverde de Alcalá es un municipio y localidad española de la Comunidad de Madrid. El término municipal tiene una población de 553 habitantes (INE 2024).
1678,Velilla de San Antonio,40.36703,-3.488029,555.8903,0.8862753619213932,0.7987146066011772,0.8972500356941329,0.3760298017169683,0.9683406485483811,0.49625176207919275,Velilla de San Antonio es un municipio y localidad española de la Comunidad de Madrid. El término municipal tiene una población de 14 003 habitantes (INE 2024).
1684,Vellón (El),40.76603,-3.582034,894.388,0.564399231817255,0.7646960400527755,0.6531256772004403,0.1972668479403072,0.6856541772812422,0.6162568605452707,Descripción no disponible.
1697,Venturada,40.79869,-3.622139,883.1885,0.6229094712233512,0.8195000188157865,0.4602807527414126,0.21864502787806375,0.6399669233260215,0.6020990312645517,"Venturada es un municipio y localidad española de la provincia y Comunidad de Madrid. El término municipal, que tiene una población de 2559 habitantes (INE 2024), está dividido geográficamente en dos núcleos urbanos: al este de la autovía A-1 se encuentra la urbanización Los Cotos de Monterrey y al oeste el casco urbano tradicional junto con el resto de urbanizaciones existentes en el mismo: Tolle-Lege, Miravalle y Los Rosales."
1718,Villa del Prado,40.27678,-4.305642,512.4543,0.45295413516784205,0.3956839264082067,0.41123291279854796,0.2790094486199887,0.3045486754197019,0.6097299090481193,"Villa del Prado es un municipio español de la provincia y Comunidad de Madrid, que pertenece a la cuenca del Alberche, limita con la provincia de Toledo, y se encuentra situado a unos 60 km de Madrid. Obtuvo su independencia como municipio moderno en 1833."
1701,Villaconejos,40.10424,-3.484903,635.7664,0.42727424971237116,0.3207573445284307,0.4629312818187429,0.2198741354349243,0.4083055533914458,0.5601973712553319,"Villaconejos es un municipio y localidad española de la Comunidad de Madrid, con una población de 3508 habitantes (INE 2024). Es conocida por los melones que crecen en sus campos y su edificio más antiguo es la iglesia de San Nicolás de Bari, del siglo XVI."
1723,Villalbilla,40.43228,-3.298869,744.6702,0.6718896294700518,0.825066713767048,0.8625125465574374,0.4086019520166281,0.9704999384641191,0.6349748809880732,"Villalbilla es un municipio y localidad española de la Comunidad de Madrid, próxima a la ciudad de Alcalá de Henares. Incluye la pedanía de Los Hueros y las urbanizaciones de Peñas Albas, Zulema, El Gurugú y El Robledal. Cuenta con una población de 20.412 habitantes (INE 2025)."
1739,Villamanrique de Tajo,40.06812,-3.240428,549.4291,0.3186650449944042,0.143835651825082,0.41517746818005774,0.176753532005668,0.0,0.21679944741897625,"Villamanrique de Tajo es un municipio español de la provincia y Comunidad de Madrid, situado en la Comarca de Las Vegas de 28,9 km² de extensión. Su término municipal es atravesado por el río Tajo.
Es una población situada en el corazón del valle medio del Tajo, que ocupa una posición central en la comarca madrileña conocida como Las Vegas, siendo la localidad más pequeña de todas las que integran esta comarca. También pertenece a la comarca histórica de la Alcarria de Chinchón."
1744,Villamanta,40.29961,-4.110051,550.4752,0.4766251960395402,0.43006935978104727,0.6629282756378574,0.2045629528758024,0.43009973722228423,0.29956848681099385,Villamanta es un municipio y localidad española de la Comunidad de Madrid. El término municipal tiene una población de 2823 habitantes (INE 2024).
1757,Villamantilla,40.33805,-4.13056,550.092,0.40533490338825345,0.5022943658947793,0.47319971583873405,0.1927120135596446,0.4648187141828254,0.47222674216515936,Villamantilla es un municipio y localidad española de la Comunidad de Madrid. El término municipal tiene una población de 1624 habitantes (INE 2024).
1760,Villanueva de la Cañada,40.44681,-4.005355,655.8425,0.837697866655816,0.9498452708053507,0.6939337075316443,0.47379340338638254,0.9715982574200646,0.6191516095512659,"Villanueva de la Cañada es un municipio español de la Comunidad de Madrid, situado en su parte occidental, al oeste de la ciudad de Madrid. Limita al norte con Valdemorillo y Villanueva del Pardillo, al este con Majadahonda, Boadilla del Monte y Villaviciosa de Odón, al sur con Brunete y al oeste con Quijorna.
Tiene una población de cerca de 24 000 habitantes (INE 2023), y cuenta con dos universidades: Alfonso X El Sabio y Camilo José Cela.
Ocupa una extensión de 34,92 km² y dista 30 km de la capital. Orográficamente, se asienta sobre una extensa llanura, en la que aparecen algunos cerros y promontorios de escasa elevación, en uno de los cuales se alza el castillo de Aulencia o de Villafranca, su principal monumento.
Actualmente existen numerosos núcleos de población al margen del casco urbano, debido al fuerte proceso de urbanización experimentado por el municipio. Guadamonte, La Raya del Palancar y Villafranca del Castillo son los más destacados."
1782,Villanueva de Perales,40.34705,-4.101031,594.7557,0.6053788147655563,0.798832058230286,0.6329598880922338,0.19396732094226474,0.6181134739996303,0.5449344663182263,Villanueva de Perales es un municipio de España perteneciente a la Comunidad de Madrid. En 2024 contaba con una población de 1674 habitantes.
1776,Villanueva del Pardillo,40.49063,-3.964322,653.1323,0.8861192381153757,0.857777951694489,0.8844061628755293,0.4340991156010437,0.9751541440273974,0.5045873533870961,"Villanueva del Pardillo es un municipio y localidad española de la Comunidad de Madrid, situado a 26 kilómetros de la capital de España y enclavado en el entorno natural de la Cuenca del Guadarrama. Limita con las localidades de Majadahonda, Las Rozas de Madrid, Villanueva de la Cañada, Galapagar, Colmenarejo y Valdemorillo.​"
1795,Villar del Olmo,40.33669,-3.235551,680.3748,0.5235098064228417,0.5184345661237846,0.6096241252273811,0.2182724302669172,0.37107365993636143,0.4923658202501621,Villar del Olmo es un municipio y localidad española de la Comunidad de Madrid. El término municipal tiene una población de 2277 habitantes (INE 2024).
1809,Villarejo de Salvanés,40.16873,-3.275975,759.0782,0.5012492417691035,0.44921651734169943,0.6362851000119034,0.27718970299289236,0.3824587623334208,0.7078230578384404,"Villarejo de Salvanés es un municipio y localidad española de la Comunidad de Madrid. El término municipal, ubicado en la comarca de Las Vegas y en la histórica de la Alcarria de Chinchón, tiene una población de 7900 habitantes (INE 2024). Pertenece a la diócesis de Alcalá de Henares y al partido judicial de Arganda del Rey. Tiene como patrona a la Virgen de la Victoria de Lepanto y como patrón a San Andrés Apóstol. Posee un vasto término municipal con una extensión de 118,6 km² en los que integra a otras cuatro secciones: Las Huertas de Villarejo, Buena Mesón, La Varga y Vega Corbera."
1816,Villaviciosa de Odón,40.3571,-3.90059,647.7311,0.8937138352562506,0.9256242366538251,0.8997240915452375,0.5581771742661504,0.9561678245658211,0.7594851305950105,"Villaviciosa de Odón es un municipio y ciudad de España, en la Comunidad de Madrid, al oeste del área metropolitana de la capital. Cuenta con una población de 29 273 habitantes (INE 2024)."
1821,Villavieja del Lozoya,41.00592,-3.671118,1062.474,0.38800247141815936,0.42599023942837155,0.2320554027227178,0.19604820600946524,0.2584888511652915,0.5180339469248089,Villavieja del Lozoya es un municipio y localidad española del norte de la Comunidad de Madrid. Cuenta con una población de 324 habitantes (INE 2024).
1837,Zarzalejo,40.54749,-4.181604,1105.808,0.7191730000225709,0.773721119262325,0.41503799606609937,0.18580708843862045,0.9952750272456857,0.5440813219910932,"Zarzalejo es un municipio y localidad española de la Comunidad de Madrid. Situado en la comarca de la Sierra Oeste, cuenta con una población de 1874 habitantes (INE 2024). En tiempos pasados fue lugar de recreo y descanso del monarca Felipe II, y cantera de la que se extrajo el granito con el que se levantó el Monasterio de San Lorenzo de El Escorial."
